USE InterBank;

-- Inserção de 30 clientes
INSERT INTO Cliente (nome, cpf, data_nascimento, email, telefone, endereco) VALUES
('João Silva', '123.456.789-01', '1980-05-15', 'joao.silva@email.com', '(11) 99999-1111', 'Rua A, 123 - São Paulo/SP'),
('Maria Oliveira', '234.567.890-12', '1985-08-20', 'maria.oliveira@email.com', '(11) 99999-2222', 'Av B, 456 - São Paulo/SP'),
('Carlos Souza', '345.678.901-23', '1990-03-10', 'carlos.souza@email.com', '(11) 99999-3333', 'Rua C, 789 - São Paulo/SP'),
('Ana Santos', '456.789.012-34', '1975-11-25', 'ana.santos@email.com', '(11) 99999-4444', 'Av D, 101 - São Paulo/SP'),
('Pedro Costa', '567.890.123-45', '1982-07-30', 'pedro.costa@email.com', '(11) 99999-5555', 'Rua E, 202 - São Paulo/SP'),
('Lucia Pereira', '678.901.234-56', '1995-01-05', 'lucia.pereira@email.com', '(11) 99999-6666', 'Av F, 303 - São Paulo/SP'),
('Fernando Alves', '789.012.345-67', '1988-09-12', 'fernando.alves@email.com', '(11) 99999-7777', 'Rua G, 404 - São Paulo/SP'),
('Juliana Lima', '890.123.456-78', '1970-04-18', 'juliana.lima@email.com', '(11) 99999-8888', 'Av H, 505 - São Paulo/SP'),
('Ricardo Gomes', '901.234.567-89', '1983-12-22', 'ricardo.gomes@email.com', '(11) 99999-9999', 'Rua I, 606 - São Paulo/SP'),
('Amanda Rocha', '012.345.678-90', '1992-06-08', 'amanda.rocha@email.com', '(11) 99999-0000', 'Av J, 707 - São Paulo/SP'),
('Marcos Nunes', '111.222.333-44', '1978-02-14', 'marcos.nunes@email.com', '(21) 98888-1111', 'Rua K, 808 - Rio de Janeiro/RJ'),
('Patricia Dias', '222.333.444-55', '1987-10-30', 'patricia.dias@email.com', '(21) 98888-2222', 'Av L, 909 - Rio de Janeiro/RJ'),
('Roberto Martins', '333.444.555-66', '1993-07-25', 'roberto.martins@email.com', '(21) 98888-3333', 'Rua M, 1010 - Rio de Janeiro/RJ'),
('Sandra Ferreira', '444.555.666-77', '1965-05-19', 'sandra.ferreira@email.com', '(21) 98888-4444', 'Av N, 1111 - Rio de Janeiro/RJ'),
('Eduardo Castro', '555.666.777-88', '1989-11-03', 'eduardo.castro@email.com', '(21) 98888-5555', 'Rua O, 1212 - Rio de Janeiro/RJ'),
('Tatiana Ribeiro', '666.777.888-99', '1991-04-27', 'tatiana.ribeiro@email.com', '(21) 98888-6666', 'Av P, 1313 - Rio de Janeiro/RJ'),
('Gustavo Henrique', '777.888.999-00', '1973-08-11', 'gustavo.henrique@email.com', '(31) 97777-1111', 'Rua Q, 1414 - Belo Horizonte/MG'),
('Camila Andrade', '888.999.000-11', '1984-01-23', 'camila.andrade@email.com', '(31) 97777-2222', 'Av R, 1515 - Belo Horizonte/MG'),
('Leonardo Pires', '999.000.111-22', '1994-09-07', 'leonardo.pires@email.com', '(31) 97777-3333', 'Rua S, 1616 - Belo Horizonte/MG'),
('Vanessa Xavier', '000.111.222-33', '1968-12-15', 'vanessa.xavier@email.com', '(31) 97777-4444', 'Av T, 1717 - Belo Horizonte/MG'),
('Rodrigo Mendes', '121.212.121-21', '1981-06-29', 'rodrigo.mendes@email.com', '(31) 97777-5555', 'Rua U, 1818 - Belo Horizonte/MG'),
('Isabela Cunha', '232.323.232-32', '1996-03-04', 'isabela.cunha@email.com', '(31) 97777-6666', 'Av V, 1919 - Belo Horizonte/MG'),
('Hugo Teixeira', '343.434.343-43', '1977-10-18', 'hugo.teixeira@email.com', '(41) 96666-1111', 'Rua W, 2020 - Curitiba/PR'),
('Larissa Fonseca', '454.545.454-54', '1986-07-22', 'larissa.fonseca@email.com', '(41) 96666-2222', 'Av X, 2121 - Curitiba/PR'),
('Felipe Cardoso', '565.656.565-65', '1997-02-06', 'felipe.cardoso@email.com', '(41) 96666-3333', 'Rua Y, 2222 - Curitiba/PR'),
('Daniela Vilas', '676.767.676-76', '1969-05-10', 'daniela.vilas@email.com', '(41) 96666-4444', 'Av Z, 2323 - Curitiba/PR'),
('Alexandre Bessa', '787.878.787-87', '1980-11-24', 'alexandre.bessa@email.com', '(41) 96666-5555', 'Rua AA, 2424 - Curitiba/PR'),
('Renata Duarte', '898.989.898-98', '1998-08-08', 'renata.duarte@email.com', '(41) 96666-6666', 'Av BB, 2525 - Curitiba/PR'),
('Bruno Lemos', '909.090.909-09', '1972-01-31', 'bruno.lemos@email.com', '(51) 95555-1111', 'Rua CC, 2626 - Porto Alegre/RS'),
('Cristina Ramos', '010.101.010-10', '1983-04-14', 'cristina.ramos@email.com', '(51) 95555-2222', 'Av DD, 2727 - Porto Alegre/RS');

-- Inserção de 30 contas (15 poupança e 15 corrente)
INSERT INTO Conta (id_cliente, tipo, agencia, numero, saldo, limite_credito, taxa_rendimento) VALUES
(1, 'CORRENTE', '001', '12345-6', 5000.00, 2000.00, NULL),
(2, 'POUPANCA', '001', '22345-6', 8000.00, NULL, 0.5),
(3, 'CORRENTE', '001', '32345-6', 3000.00, 1000.00, NULL),
(4, 'POUPANCA', '001', '42345-6', 12000.00, NULL, 0.5),
(5, 'CORRENTE', '001', '52345-6', 7500.00, 3000.00, NULL),
(6, 'POUPANCA', '001', '62345-6', 15000.00, NULL, 0.5),
(7, 'CORRENTE', '002', '72345-6', 2000.00, 500.00, NULL),
(8, 'POUPANCA', '002', '82345-6', 9000.00, NULL, 0.5),
(9, 'CORRENTE', '002', '92345-6', 6000.00, 2500.00, NULL),
(10, 'POUPANCA', '002', '10345-6', 18000.00, NULL, 0.5),
(11, 'CORRENTE', '003', '11345-6', 4000.00, 1500.00, NULL),
(12, 'POUPANCA', '003', '12345-7', 10000.00, NULL, 0.5),
(13, 'CORRENTE', '003', '13345-6', 8500.00, 3500.00, NULL),
(14, 'POUPANCA', '003', '14345-6', 7000.00, NULL, 0.5),
(15, 'CORRENTE', '004', '15345-6', 3500.00, 1000.00, NULL),
(16, 'POUPANCA', '004', '16345-6', 11000.00, NULL, 0.5),
(17, 'CORRENTE', '004', '17345-6', 9500.00, 4000.00, NULL),
(18, 'POUPANCA', '004', '18345-6', 13000.00, NULL, 0.5),
(19, 'CORRENTE', '005', '19345-6', 2500.00, 800.00, NULL),
(20, 'POUPANCA', '005', '20345-6', 14000.00, NULL, 0.5),
(21, 'CORRENTE', '005', '21345-6', 7000.00, 3000.00, NULL),
(22, 'POUPANCA', '005', '22345-7', 16000.00, NULL, 0.5),
(23, 'CORRENTE', '006', '23345-6', 4500.00, 2000.00, NULL),
(24, 'POUPANCA', '006', '24345-6', 17000.00, NULL, 0.5),
(25, 'CORRENTE', '006', '25345-6', 5500.00, 2500.00, NULL),
(26, 'POUPANCA', '006', '26345-6', 19000.00, NULL, 0.5),
(27, 'CORRENTE', '007', '27345-6', 6500.00, 3000.00, NULL),
(28, 'POUPANCA', '007', '28345-6', 20000.00, NULL, 0.5),
(29, 'CORRENTE', '007', '29345-6', 5000.00, 2000.00, NULL),
(30, 'POUPANCA', '007', '30345-6', 22000.00, NULL, 0.5);

-- Inserção de 30 transferências
INSERT INTO Transferencia (id_conta_origem, id_conta_destino, valor, tipo, status) VALUES
(1, 2, 500.00, 'PIX', 'CONCLUIDA'),
(3, 4, 300.00, 'TED', 'CONCLUIDA'),
(5, 6, 1000.00, 'DOC', 'CONCLUIDA'),
(7, 8, 200.00, 'PIX', 'CONCLUIDA'),
(9, 10, 700.00, 'INTERNA', 'CONCLUIDA'),
(11, 12, 400.00, 'PIX', 'CONCLUIDA'),
(13, 14, 800.00, 'TED', 'CONCLUIDA'),
(15, 16, 350.00, 'DOC', 'CONCLUIDA'),
(17, 18, 900.00, 'INTERNA', 'CONCLUIDA'),
(19, 20, 250.00, 'PIX', 'CONCLUIDA'),
(21, 22, 600.00, 'TED', 'CONCLUIDA'),
(23, 24, 450.00, 'DOC', 'CONCLUIDA'),
(25, 26, 750.00, 'INTERNA', 'CONCLUIDA'),
(27, 28, 550.00, 'PIX', 'CONCLUIDA'),
(29, 30, 850.00, 'TED', 'CONCLUIDA'),
(2, 1, 300.00, 'PIX', 'CONCLUIDA'),
(4, 3, 500.00, 'DOC', 'CONCLUIDA'),
(6, 5, 200.00, 'INTERNA', 'CONCLUIDA'),
(8, 7, 700.00, 'PIX', 'CONCLUIDA'),
(10, 9, 400.00, 'TED', 'CONCLUIDA'),
(12, 11, 900.00, 'DOC', 'CONCLUIDA'),
(14, 13, 350.00, 'INTERNA', 'CONCLUIDA'),
(16, 15, 600.00, 'PIX', 'CONCLUIDA'),
(18, 17, 250.00, 'TED', 'CONCLUIDA'),
(20, 19, 800.00, 'DOC', 'CONCLUIDA'),
(22, 21, 450.00, 'INTERNA', 'CONCLUIDA'),
(24, 23, 750.00, 'PIX', 'CONCLUIDA'),
(26, 25, 550.00, 'TED', 'CONCLUIDA'),
(28, 27, 200.00, 'DOC', 'CONCLUIDA'),
(30, 29, 650.00, 'INTERNA', 'CONCLUIDA');

-- Inserção de 30 saques
INSERT INTO Saque (id_conta, valor, local) VALUES
(1, 200.00, 'Agência 001'),
(2, 300.00, 'ATM 123'),
(3, 150.00, 'Agência 001'),
(4, 400.00, 'ATM 124'),
(5, 250.00, 'Agência 001'),
(6, 350.00, 'ATM 125'),
(7, 100.00, 'Agência 002'),
(8, 450.00, 'ATM 126'),
(9, 200.00, 'Agência 002'),
(10, 300.00, 'ATM 127'),
(11, 150.00, 'Agência 003'),
(12, 400.00, 'ATM 128'),
(13, 250.00, 'Agência 003'),
(14, 350.00, 'ATM 129'),
(15, 100.00, 'Agência 004'),
(16, 450.00, 'ATM 130'),
(17, 200.00, 'Agência 004'),
(18, 300.00, 'ATM 131'),
(19, 150.00, 'Agência 005'),
(20, 400.00, 'ATM 132'),
(21, 250.00, 'Agência 005'),
(22, 350.00, 'ATM 133'),
(23, 100.00, 'Agência 006'),
(24, 450.00, 'ATM 134'),
(25, 200.00, 'Agência 006'),
(26, 300.00, 'ATM 135'),
(27, 150.00, 'Agência 007'),
(28, 400.00, 'ATM 136'),
(29, 250.00, 'Agência 007'),
(30, 350.00, 'ATM 137');

-- Inserção de 30 depósitos
INSERT INTO Deposito (id_conta, valor, origem) VALUES
(1, 1000.00, 'Dinheiro'),
(2, 1500.00, 'Cheque'),
(3, 800.00, 'Transferência'),
(4, 2000.00, 'Dinheiro'),
(5, 1200.00, 'Cheque'),
(6, 1800.00, 'Transferência'),
(7, 700.00, 'Dinheiro'),
(8, 1600.00, 'Cheque'),
(9, 900.00, 'Transferência'),
(10, 2200.00, 'Dinheiro'),
(11, 1100.00, 'Cheque'),
(12, 1900.00, 'Transferência'),
(13, 600.00, 'Dinheiro'),
(14, 1700.00, 'Cheque'),
(15, 1000.00, 'Transferência'),
(16, 2100.00, 'Dinheiro'),
(17, 1300.00, 'Cheque'),
(18, 2000.00, 'Transferência'),
(19, 500.00, 'Dinheiro'),
(20, 1800.00, 'Cheque'),
(21, 1400.00, 'Transferência'),
(22, 2300.00, 'Dinheiro'),
(23, 800.00, 'Cheque'),
(24, 1900.00, 'Transferência'),
(25, 1100.00, 'Dinheiro'),
(26, 2400.00, 'Cheque'),
(27, 1500.00, 'Transferência'),
(28, 900.00, 'Dinheiro'),
(29, 2000.00, 'Cheque'),
(30, 1600.00, 'Transferência');

-- Inserção de registros no extrato (automático via triggers - exemplo de alguns registros)
INSERT INTO Extrato (id_conta, tipo_operacao, valor, descricao, id_operacao) VALUES
(1, 'TRANSFERENCIA', -500.00, 'Transferência para conta 22345-6', 1),
(2, 'TRANSFERENCIA', 500.00, 'Transferência da conta 12345-6', 1),
(3, 'TRANSFERENCIA', -300.00, 'Transferência para conta 42345-6', 2),
(4, 'TRANSFERENCIA', 300.00, 'Transferência da conta 32345-6', 2),
(1, 'SAQUE', -200.00, 'Saque na Agência 001', 1),
(2, 'DEPOSITO', 1500.00, 'Depósito via Cheque', 2),
(3, 'SAQUE', -150.00, 'Saque na Agência 001', 3),
(4, 'DEPOSITO', 2000.00, 'Depósito em Dinheiro', 4);